qseqid	sseqid	pident	length	mismatch	gapopen	qstart	qend	sstart	send	evalue	bitscore
gi|1796318598|ref|YP_009724390.1|:1-1273	QII57278_|surface_glycoprotein_[Severe_acute_respiratory_syndrome_coronavirus_2]	99.921	1273	1	0	1	1273	1	1273	0.0	2637
gi|1796318598|ref|YP_009724390.1|:1-1273	QHD43416_|surface_glycoprotein_[Severe_acute_respiratory_syndrome_coronavirus_2]	100.000	1273	0	0	1	1273	1	1273	0.0	2637
gi|1796318598|ref|YP_009724390.1|:1-1273	QHO60594_|surface_glycoprotein_[Severe_acute_respiratory_syndrome_coronavirus_2]	100.000	1273	0	0	1	1273	1	1273	0.0	2637
gi|1796318598|ref|YP_009724390.1|:1-1273	QHN73810_|surface_glycoprotein_[Severe_acute_respiratory_syndrome_coronavirus_2]	100.000	1273	0	0	1	1273	1	1273	0.0	2637
gi|1796318598|ref|YP_009724390.1|:1-1273	QHN73795_|surface_glycoprotein_[Severe_acute_respiratory_syndrome_coronavirus_2]	100.000	1273	0	0	1	1273	1	1273	0.0	2637
gi|1796318598|ref|YP_009724390.1|:1-1273	QHO62877_|surface_glycoprotein_[Severe_acute_respiratory_syndrome_coronavirus_2]	100.000	1273	0	0	1	1273	1	1273	0.0	2637
gi|1796318598|ref|YP_009724390.1|:1-1273	QHO62107_|surface_glycoprotein_[Severe_acute_respiratory_syndrome_coronavirus_2]	100.000	1273	0	0	1	1273	1	1273	0.0	2637
gi|1796318598|ref|YP_009724390.1|:1-1273	QHQ82464_|surface_glycoprotein_[Severe_acute_respiratory_syndrome_coronavirus_2]	100.000	1273	0	0	1	1273	1	1273	0.0	2637
gi|1796318598|ref|YP_009724390.1|:1-1273	QHQ71963_|surface_glycoprotein_[Severe_acute_respiratory_syndrome_coronavirus_2]	100.000	1273	0	0	1	1273	1	1273	0.0	2637
gi|1796318598|ref|YP_009724390.1|:1-1273	QHQ71973_|surface_glycoprotein_[Severe_acute_respiratory_syndrome_coronavirus_2]	100.000	1273	0	0	1	1273	1	1273	0.0	2637
gi|1796318598|ref|YP_009724390.1|:1-1273	QHO62112_|surface_glycoprotein_[Severe_acute_respiratory_syndrome_coronavirus_2]	100.000	1273	0	0	1	1273	1	1273	0.0	2637
gi|1796318598|ref|YP_009724390.1|:1-1273	QHR63280_|spike_glycoprotein_[Severe_acute_respiratory_syndrome_coronavirus_2]	100.000	1273	0	0	1	1273	1	1273	0.0	2637
gi|1796318598|ref|YP_009724390.1|:1-1273	QHR63270_|spike_glycoprotein_[Severe_acute_respiratory_syndrome_coronavirus_2]	100.000	1273	0	0	1	1273	1	1273	0.0	2637
gi|1796318598|ref|YP_009724390.1|:1-1273	QHR63290_|spike_glycoprotein_[Severe_acute_respiratory_syndrome_coronavirus_2]	100.000	1273	0	0	1	1273	1	1273	0.0	2637
gi|1796318598|ref|YP_009724390.1|:1-1273	QHR63260_|spike_glycoprotein_[Severe_acute_respiratory_syndrome_coronavirus_2]	100.000	1273	0	0	1	1273	1	1273	0.0	2637
gi|1796318598|ref|YP_009724390.1|:1-1273	QHR63250_|spike_glycoprotein_[Severe_acute_respiratory_syndrome_coronavirus_2]	100.000	1273	0	0	1	1273	1	1273	0.0	2637
gi|1796318598|ref|YP_009724390.1|:1-1273	QHU79204_|surface_glycoprotein_[Severe_acute_respiratory_syndrome_coronavirus_2]	100.000	1273	0	0	1	1273	1	1273	0.0	2637
gi|1796318598|ref|YP_009724390.1|:1-1273	QHU36854_|surface_glycoprotein_[Severe_acute_respiratory_syndrome_coronavirus_2]	100.000	1273	0	0	1	1273	1	1273	0.0	2637
gi|1796318598|ref|YP_009724390.1|:1-1273	QHU36844_|surface_glycoprotein_[Severe_acute_respiratory_syndrome_coronavirus_2]	100.000	1273	0	0	1	1273	1	1273	0.0	2637
gi|1796318598|ref|YP_009724390.1|:1-1273	QHU36864_|surface_glycoprotein_[Severe_acute_respiratory_syndrome_coronavirus_2]	100.000	1273	0	0	1	1273	1	1273	0.0	2637
gi|1796318598|ref|YP_009724390.1|:1-1273	QHU36834_|surface_glycoprotein_[Severe_acute_respiratory_syndrome_coronavirus_2]	100.000	1273	0	0	1	1273	1	1273	0.0	2637
gi|1796318598|ref|YP_009724390.1|:1-1273	QHU36824_|surface_glycoprotein_[Severe_acute_respiratory_syndrome_coronavirus_2]	100.000	1273	0	0	1	1273	1	1273	0.0	2637
gi|1796318598|ref|YP_009724390.1|:1-1273	QHU79194_|surface_glycoprotein_[Severe_acute_respiratory_syndrome_coronavirus_2]	100.000	1273	0	0	1	1273	1	1273	0.0	2637
gi|1796318598|ref|YP_009724390.1|:1-1273	QHW06039_|surface_glycoprotein_[Severe_acute_respiratory_syndrome_coronavirus_2]	100.000	1273	0	0	1	1273	1	1273	0.0	2637
gi|1796318598|ref|YP_009724390.1|:1-1273	QHW06049_|surface_glycoprotein_[Severe_acute_respiratory_syndrome_coronavirus_2]	100.000	1273	0	0	1	1273	1	1273	0.0	2637
gi|1796318598|ref|YP_009724390.1|:1-1273	QHZ00399_|surface_glycoprotein_[Severe_acute_respiratory_syndrome_coronavirus_2]	100.000	1273	0	0	1	1273	1	1273	0.0	2637
gi|1796318598|ref|YP_009724390.1|:1-1273	QHZ00389_|surface_glycoprotein_[Severe_acute_respiratory_syndrome_coronavirus_2]	100.000	1273	0	0	1	1273	1	1273	0.0	2637
gi|1796318598|ref|YP_009724390.1|:1-1273	QHZ00358_|surface_glycoprotein_[Severe_acute_respiratory_syndrome_coronavirus_2]	100.000	1273	0	0	1	1273	1	1273	0.0	2637
gi|1796318598|ref|YP_009724390.1|:1-1273	QHZ87582_|surface_glycoprotein_[Severe_acute_respiratory_syndrome_coronavirus_2]	100.000	1273	0	0	1	1273	1	1273	0.0	2637
gi|1796318598|ref|YP_009724390.1|:1-1273	QHZ87592_|surface_glycoprotein_[Severe_acute_respiratory_syndrome_coronavirus_2]	100.000	1273	0	0	1	1273	1	1273	0.0	2637
gi|1796318598|ref|YP_009724390.1|:1-1273	QIA98606_|surface_glycoprotein_[Severe_acute_respiratory_syndrome_coronavirus_2]	100.000	1273	0	0	1	1273	1	1273	0.0	2637
gi|1796318598|ref|YP_009724390.1|:1-1273	QIA98596_|surface_glycoprotein_[Severe_acute_respiratory_syndrome_coronavirus_2]	100.000	1273	0	0	1	1273	1	1273	0.0	2637
gi|1796318598|ref|YP_009724390.1|:1-1273	QIB84673_|surface_glycoprotein_[Severe_acute_respiratory_syndrome_coronavirus_2]	100.000	1273	0	0	1	1273	1	1273	0.0	2637
gi|1796318598|ref|YP_009724390.1|:1-1273	QIC53213_|spike_glycoprotein_[Severe_acute_respiratory_syndrome_coronavirus_2]	100.000	1273	0	0	1	1273	1	1273	0.0	2637
gi|1796318598|ref|YP_009724390.1|:1-1273	QID21068_|surface_glycoprotein_[Severe_acute_respiratory_syndrome_coronavirus_2]	100.000	1273	0	0	1	1273	1	1273	0.0	2637
gi|1796318598|ref|YP_009724390.1|:1-1273	QID21048_|surface_glycoprotein_[Severe_acute_respiratory_syndrome_coronavirus_2]	100.000	1273	0	0	1	1273	1	1273	0.0	2637
gi|1796318598|ref|YP_009724390.1|:1-1273	QID21058_|surface_glycoprotein_[Severe_acute_respiratory_syndrome_coronavirus_2]	100.000	1273	0	0	1	1273	1	1273	0.0	2637
gi|1796318598|ref|YP_009724390.1|:1-1273	QID98794_|surface_glycoprotein_[Severe_acute_respiratory_syndrome_coronavirus_2]	100.000	1273	0	0	1	1273	1	1273	0.0	2637
gi|1796318598|ref|YP_009724390.1|:1-1273	QIE07471_|surface_glycoprotein_[Severe_acute_respiratory_syndrome_coronavirus_2]	100.000	1273	0	0	1	1273	1	1273	0.0	2637
gi|1796318598|ref|YP_009724390.1|:1-1273	QIE07451_|surface_glycoprotein_[Severe_acute_respiratory_syndrome_coronavirus_2]	100.000	1273	0	0	1	1273	1	1273	0.0	2637
gi|1796318598|ref|YP_009724390.1|:1-1273	QIE07461_|surface_glycoprotein_[Severe_acute_respiratory_syndrome_coronavirus_2]	100.000	1273	0	0	1	1273	1	1273	0.0	2637
gi|1796318598|ref|YP_009724390.1|:1-1273	QIE07481_|surface_glycoprotein_[Severe_acute_respiratory_syndrome_coronavirus_2]	100.000	1273	0	0	1	1273	1	1273	0.0	2637
gi|1796318598|ref|YP_009724390.1|:1-1273	BCA87361_|surface_glycoprotein_[Severe_acute_respiratory_syndrome_coronavirus_2]	100.000	1273	0	0	1	1273	1	1273	0.0	2637
gi|1796318598|ref|YP_009724390.1|:1-1273	BCA87371_|surface_glycoprotein_[Severe_acute_respiratory_syndrome_coronavirus_2]	100.000	1273	0	0	1	1273	1	1273	0.0	2637
gi|1796318598|ref|YP_009724390.1|:1-1273	QIG55994_|surface_glycoprotein_[Severe_acute_respiratory_syndrome_coronavirus_2]	100.000	1273	0	0	1	1273	1	1273	0.0	2637
gi|1796318598|ref|YP_009724390.1|:1-1273	QIH45053_|S_protein_[Severe_acute_respiratory_syndrome_coronavirus_2]	100.000	1273	0	0	1	1273	1	1273	0.0	2637
gi|1796318598|ref|YP_009724390.1|:1-1273	QIH45043_|S_protein_[Severe_acute_respiratory_syndrome_coronavirus_2]	100.000	1273	0	0	1	1273	1	1273	0.0	2637
gi|1796318598|ref|YP_009724390.1|:1-1273	QIH45023_|S_protein_[Severe_acute_respiratory_syndrome_coronavirus_2]	100.000	1273	0	0	1	1273	1	1273	0.0	2637
gi|1796318598|ref|YP_009724390.1|:1-1273	QIH45033_|S_protein_[Severe_acute_respiratory_syndrome_coronavirus_2]	100.000	1273	0	0	1	1273	1	1273	0.0	2637
gi|1796318598|ref|YP_009724390.1|:1-1273	QIH55221_|surface_glycoprotein_[Severe_acute_respiratory_syndrome_coronavirus_2]	100.000	1273	0	0	1	1273	1	1273	0.0	2637
gi|1796318598|ref|YP_009724390.1|:1-1273	BCB15090_|surface_glycoprotein_[Severe_acute_respiratory_syndrome_coronavirus_2]	100.000	1273	0	0	1	1273	1	1273	0.0	2637
gi|1796318598|ref|YP_009724390.1|:1-1273	QII57258_|surface_glycoprotein_[Severe_acute_respiratory_syndrome_coronavirus_2]	100.000	1273	0	0	1	1273	1	1273	0.0	2637
gi|1796318598|ref|YP_009724390.1|:1-1273	QII57338_|surface_glycoprotein_[Severe_acute_respiratory_syndrome_coronavirus_2]	100.000	1273	0	0	1	1273	1	1273	0.0	2637
gi|1796318598|ref|YP_009724390.1|:1-1273	QII57268_|surface_glycoprotein_[Severe_acute_respiratory_syndrome_coronavirus_2]	100.000	1273	0	0	1	1273	1	1273	0.0	2637
gi|1796318598|ref|YP_009724390.1|:1-1273	QII57218_|surface_glycoprotein_[Severe_acute_respiratory_syndrome_coronavirus_2]	100.000	1273	0	0	1	1273	1	1273	0.0	2637
gi|1796318598|ref|YP_009724390.1|:1-1273	QII57168_|surface_glycoprotein_[Severe_acute_respiratory_syndrome_coronavirus_2]	100.000	1273	0	0	1	1273	1	1273	0.0	2637
gi|1796318598|ref|YP_009724390.1|:1-1273	QII57288_|surface_glycoprotein_[Severe_acute_respiratory_syndrome_coronavirus_2]	100.000	1273	0	0	1	1273	1	1273	0.0	2637
gi|1796318598|ref|YP_009724390.1|:1-1273	QII57308_|surface_glycoprotein_[Severe_acute_respiratory_syndrome_coronavirus_2]	100.000	1273	0	0	1	1273	1	1273	0.0	2637
gi|1796318598|ref|YP_009724390.1|:1-1273	QII57238_|surface_glycoprotein_[Severe_acute_respiratory_syndrome_coronavirus_2]	100.000	1273	0	0	1	1273	1	1273	0.0	2637
gi|1796318598|ref|YP_009724390.1|:1-1273	QII57298_|surface_glycoprotein_[Severe_acute_respiratory_syndrome_coronavirus_2]	100.000	1273	0	0	1	1273	1	1273	0.0	2637
gi|1796318598|ref|YP_009724390.1|:1-1273	QII57248_|surface_glycoprotein_[Severe_acute_respiratory_syndrome_coronavirus_2]	100.000	1273	0	0	1	1273	1	1273	0.0	2637
gi|1796318598|ref|YP_009724390.1|:1-1273	QII57228_|surface_glycoprotein_[Severe_acute_respiratory_syndrome_coronavirus_2]	100.000	1273	0	0	1	1273	1	1273	0.0	2637
gi|1796318598|ref|YP_009724390.1|:1-1273	QII57188_|surface_glycoprotein_[Severe_acute_respiratory_syndrome_coronavirus_2]	100.000	1273	0	0	1	1273	1	1273	0.0	2637
gi|1796318598|ref|YP_009724390.1|:1-1273	QIA98554_|surface_glycoprotein_[Severe_acute_respiratory_syndrome_coronavirus_2]	100.000	1273	0	0	1	1273	1	1273	0.0	2637
gi|1796318598|ref|YP_009724390.1|:1-1273	QII57328_|surface_glycoprotein_[Severe_acute_respiratory_syndrome_coronavirus_2]	100.000	1273	0	0	1	1273	1	1273	0.0	2637
gi|1796318598|ref|YP_009724390.1|:1-1273	QII57198_|surface_glycoprotein_[Severe_acute_respiratory_syndrome_coronavirus_2]	100.000	1273	0	0	1	1273	1	1273	0.0	2637
gi|1796318598|ref|YP_009724390.1|:1-1273	QII57208_|surface_glycoprotein_[Severe_acute_respiratory_syndrome_coronavirus_2]	100.000	1273	0	0	1	1273	1	1273	0.0	2637
gi|1796318598|ref|YP_009724390.1|:1-1273	QII57318_|surface_glycoprotein_[Severe_acute_respiratory_syndrome_coronavirus_2]	100.000	1273	0	0	1	1273	1	1273	0.0	2637
gi|1796318598|ref|YP_009724390.1|:1-1273	QII57178_|surface_glycoprotein_[Severe_acute_respiratory_syndrome_coronavirus_2]	100.000	1273	0	0	1	1273	1	1273	0.0	2637
gi|1796318598|ref|YP_009724390.1|:1-1273	QII57161_|S_protein_[Severe_acute_respiratory_syndrome_coronavirus_2]	100.000	1273	0	0	1	1273	1	1273	0.0	2637
gi|1796318598|ref|YP_009724390.1|:1-1273	QII87806_|surface_glycoprotein_[Severe_acute_respiratory_syndrome_coronavirus_2]	100.000	1273	0	0	1	1273	1	1273	0.0	2637
gi|1796318598|ref|YP_009724390.1|:1-1273	QII87794_|surface_glycoprotein_[Severe_acute_respiratory_syndrome_coronavirus_2]	100.000	1273	0	0	1	1273	1	1273	0.0	2637
gi|1796318598|ref|YP_009724390.1|:1-1273	QII87782_|surface_glycoprotein_[Severe_acute_respiratory_syndrome_coronavirus_2]	100.000	1273	0	0	1	1273	1	1273	0.0	2637
gi|1796318598|ref|YP_009724390.1|:1-1273	QII87818_|surface_glycoprotein_[Severe_acute_respiratory_syndrome_coronavirus_2]	100.000	1273	0	0	1	1273	1	1273	0.0	2637
gi|1796318598|ref|YP_009724390.1|:1-1273	QII87840_|surface_glycoprotein_[Severe_acute_respiratory_syndrome_coronavirus_2]	100.000	1273	0	0	1	1273	1	1273	0.0	2637
gi|1796318598|ref|YP_009724390.1|:1-1273	QIJ96483_|surface_glycoprotein_[Severe_acute_respiratory_syndrome_coronavirus_2]	100.000	1273	0	0	1	1273	1	1273	0.0	2637
gi|1796318598|ref|YP_009724390.1|:1-1273	QIJ96473_|surface_glycoprotein_[Severe_acute_respiratory_syndrome_coronavirus_2]	100.000	1273	0	0	1	1273	1	1273	0.0	2637
gi|1796318598|ref|YP_009724390.1|:1-1273	QIJ96513_|surface_glycoprotein_[Severe_acute_respiratory_syndrome_coronavirus_2]	100.000	1273	0	0	1	1273	1	1273	0.0	2637
gi|1796318598|ref|YP_009724390.1|:1-1273	QIJ96463_|surface_glycoprotein_[Severe_acute_respiratory_syndrome_coronavirus_2]	100.000	1273	0	0	1	1273	1	1273	0.0	2637
gi|1796318598|ref|YP_009724390.1|:1-1273	QIJ96523_|surface_glycoprotein_[Severe_acute_respiratory_syndrome_coronavirus_2]	100.000	1273	0	0	1	1273	1	1273	0.0	2637
gi|1796318598|ref|YP_009724390.1|:1-1273	QIJ96503_|surface_glycoprotein_[Severe_acute_respiratory_syndrome_coronavirus_2]	100.000	1273	0	0	1	1273	1	1273	0.0	2637
gi|1796318598|ref|YP_009724390.1|:1-1273	QIK02964_|surface_glycoprotein_[Severe_acute_respiratory_syndrome_coronavirus_2]	100.000	1273	0	0	1	1273	1	1273	0.0	2637
gi|1796318598|ref|YP_009724390.1|:1-1273	QIK02944_|surface_glycoprotein_[Severe_acute_respiratory_syndrome_coronavirus_2]	100.000	1273	0	0	1	1273	1	1273	0.0	2637
gi|1796318598|ref|YP_009724390.1|:1-1273	QIK02954_|surface_glycoprotein_[Severe_acute_respiratory_syndrome_coronavirus_2]	100.000	1273	0	0	1	1273	1	1273	0.0	2637
gi|1796318598|ref|YP_009724390.1|:1-1273	QIK50438_|surface_glycoprotein_[Severe_acute_respiratory_syndrome_coronavirus_2]	100.000	1273	0	0	1	1273	1	1273	0.0	2637
gi|1796318598|ref|YP_009724390.1|:1-1273	QIK50448_|surface_glycoprotein_[Severe_acute_respiratory_syndrome_coronavirus_2]	100.000	1273	0	0	1	1273	1	1273	0.0	2637
gi|1796318598|ref|YP_009724390.1|:1-1273	QIK50417_|surface_glycoprotein_[Severe_acute_respiratory_syndrome_coronavirus_2]	100.000	1273	0	0	1	1273	1	1273	0.0	2637
gi|1796318598|ref|YP_009724390.1|:1-1273	QIM47467_|surface_glycoprotein_[Severe_acute_respiratory_syndrome_coronavirus_2]	100.000	1273	0	0	1	1273	1	1273	0.0	2637
gi|1796318598|ref|YP_009724390.1|:1-1273	QIQ08830_|surface_glycoprotein_[Severe_acute_respiratory_syndrome_coronavirus_2]	100.000	1273	0	0	1	1273	1	1273	0.0	2637
gi|1796318598|ref|YP_009724390.1|:1-1273	QIQ08790_|surface_glycoprotein_[Severe_acute_respiratory_syndrome_coronavirus_2]	100.000	1273	0	0	1	1273	1	1273	0.0	2637
gi|1796318598|ref|YP_009724390.1|:1-1273	QIQ22760_|surface_glycoprotein_[Severe_acute_respiratory_syndrome_coronavirus_2]	100.000	1273	0	0	1	1273	1	1273	0.0	2637
gi|1796318598|ref|YP_009724390.1|:1-1273	QIQ50162_|surface_glycoprotein_[Severe_acute_respiratory_syndrome_coronavirus_2]	100.000	1273	0	0	1	1273	1	1273	0.0	2637
gi|1796318598|ref|YP_009724390.1|:1-1273	QIQ50132_|surface_glycoprotein_[Severe_acute_respiratory_syndrome_coronavirus_2]	100.000	1273	0	0	1	1273	1	1273	0.0	2637
gi|1796318598|ref|YP_009724390.1|:1-1273	QIQ49852_|surface_glycoprotein_[Severe_acute_respiratory_syndrome_coronavirus_2]	100.000	1273	0	0	1	1273	1	1273	0.0	2637
gi|1796318598|ref|YP_009724390.1|:1-1273	QIQ50042_|surface_glycoprotein_[Severe_acute_respiratory_syndrome_coronavirus_2]	100.000	1273	0	0	1	1273	1	1273	0.0	2637
gi|1796318598|ref|YP_009724390.1|:1-1273	QIQ50032_|surface_glycoprotein_[Severe_acute_respiratory_syndrome_coronavirus_2]	100.000	1273	0	0	1	1273	1	1273	0.0	2637
gi|1796318598|ref|YP_009724390.1|:1-1273	QIQ50062_|surface_glycoprotein_[Severe_acute_respiratory_syndrome_coronavirus_2]	100.000	1273	0	0	1	1273	1	1273	0.0	2637
gi|1796318598|ref|YP_009724390.1|:1-1273	QIQ50052_|surface_glycoprotein_[Severe_acute_respiratory_syndrome_coronavirus_2]	100.000	1273	0	0	1	1273	1	1273	0.0	2637
gi|1796318598|ref|YP_009724390.1|:1-1273	QIQ49932_|surface_glycoprotein_[Severe_acute_respiratory_syndrome_coronavirus_2]	100.000	1273	0	0	1	1273	1	1273	0.0	2637
gi|1796318598|ref|YP_009724390.1|:1-1273	QIQ50002_|surface_glycoprotein_[Severe_acute_respiratory_syndrome_coronavirus_2]	100.000	1273	0	0	1	1273	1	1273	0.0	2637
gi|1796318598|ref|YP_009724390.1|:1-1273	QIQ49892_|surface_glycoprotein_[Severe_acute_respiratory_syndrome_coronavirus_2]	100.000	1273	0	0	1	1273	1	1273	0.0	2637
gi|1796318598|ref|YP_009724390.1|:1-1273	QIQ49952_|surface_glycoprotein_[Severe_acute_respiratory_syndrome_coronavirus_2]	100.000	1273	0	0	1	1273	1	1273	0.0	2637
gi|1796318598|ref|YP_009724390.1|:1-1273	QIQ49992_|surface_glycoprotein_[Severe_acute_respiratory_syndrome_coronavirus_2]	100.000	1273	0	0	1	1273	1	1273	0.0	2637
gi|1796318598|ref|YP_009724390.1|:1-1273	QIQ49982_|surface_glycoprotein_[Severe_acute_respiratory_syndrome_coronavirus_2]	100.000	1273	0	0	1	1273	1	1273	0.0	2637
gi|1796318598|ref|YP_009724390.1|:1-1273	QIQ50022_|surface_glycoprotein_[Severe_acute_respiratory_syndrome_coronavirus_2]	100.000	1273	0	0	1	1273	1	1273	0.0	2637
gi|1796318598|ref|YP_009724390.1|:1-1273	QIQ50012_|surface_glycoprotein_[Severe_acute_respiratory_syndrome_coronavirus_2]	100.000	1273	0	0	1	1273	1	1273	0.0	2637
gi|1796318598|ref|YP_009724390.1|:1-1273	QIQ49962_|surface_glycoprotein_[Severe_acute_respiratory_syndrome_coronavirus_2]	100.000	1273	0	0	1	1273	1	1273	0.0	2637
gi|1796318598|ref|YP_009724390.1|:1-1273	QIQ49822_|surface_glycoprotein_[Severe_acute_respiratory_syndrome_coronavirus_2]	100.000	1273	0	0	1	1273	1	1273	0.0	2637
gi|1796318598|ref|YP_009724390.1|:1-1273	QIQ49792_|surface_glycoprotein_[Severe_acute_respiratory_syndrome_coronavirus_2]	100.000	1273	0	0	1	1273	1	1273	0.0	2637
gi|1796318598|ref|YP_009724390.1|:1-1273	QIQ49912_|surface_glycoprotein_[Severe_acute_respiratory_syndrome_coronavirus_2]	100.000	1273	0	0	1	1273	1	1273	0.0	2637
gi|1796318598|ref|YP_009724390.1|:1-1273	QIQ50182_|surface_glycoprotein_[Severe_acute_respiratory_syndrome_coronavirus_2]	100.000	1273	0	0	1	1273	1	1273	0.0	2637
gi|1796318598|ref|YP_009724390.1|:1-1273	QIQ50192_|surface_glycoprotein_[Severe_acute_respiratory_syndrome_coronavirus_2]	100.000	1273	0	0	1	1273	1	1273	0.0	2637
gi|1796318598|ref|YP_009724390.1|:1-1273	QIQ49842_|surface_glycoprotein_[Severe_acute_respiratory_syndrome_coronavirus_2]	100.000	1273	0	0	1	1273	1	1273	0.0	2637
gi|1796318598|ref|YP_009724390.1|:1-1273	QIQ49812_|surface_glycoprotein_[Severe_acute_respiratory_syndrome_coronavirus_2]	100.000	1273	0	0	1	1273	1	1273	0.0	2637
gi|1796318598|ref|YP_009724390.1|:1-1273	QIQ50122_|surface_glycoprotein_[Severe_acute_respiratory_syndrome_coronavirus_2]	100.000	1273	0	0	1	1273	1	1273	0.0	2637
gi|1796318598|ref|YP_009724390.1|:1-1273	QIQ49862_|surface_glycoprotein_[Severe_acute_respiratory_syndrome_coronavirus_2]	100.000	1273	0	0	1	1273	1	1273	0.0	2637
gi|1796318598|ref|YP_009724390.1|:1-1273	QIQ68614_|surface_glycoprotein_[Severe_acute_respiratory_syndrome_coronavirus_2]	100.000	1273	0	0	1	1273	1	1273	0.0	2637
gi|1796318598|ref|YP_009724390.1|:1-1273	QIQ68544_|surface_glycoprotein_[Severe_acute_respiratory_syndrome_coronavirus_2]	100.000	1273	0	0	1	1273	1	1273	0.0	2637
gi|1796318598|ref|YP_009724390.1|:1-1273	QIQ68524_|surface_glycoprotein_[Severe_acute_respiratory_syndrome_coronavirus_2]	100.000	1273	0	0	1	1273	1	1273	0.0	2637
gi|1796318598|ref|YP_009724390.1|:1-1273	QIQ68514_|surface_glycoprotein_[Severe_acute_respiratory_syndrome_coronavirus_2]	100.000	1273	0	0	1	1273	1	1273	0.0	2637
gi|1796318598|ref|YP_009724390.1|:1-1273	QIQ68494_|surface_glycoprotein_[Severe_acute_respiratory_syndrome_coronavirus_2]	100.000	1273	0	0	1	1273	1	1273	0.0	2637
gi|1796318598|ref|YP_009724390.1|:1-1273	QIQ68604_|surface_glycoprotein_[Severe_acute_respiratory_syndrome_coronavirus_2]	100.000	1273	0	0	1	1273	1	1273	0.0	2637
gi|1796318598|ref|YP_009724390.1|:1-1273	QIQ68594_|surface_glycoprotein_[Severe_acute_respiratory_syndrome_coronavirus_2]	100.000	1273	0	0	1	1273	1	1273	0.0	2637
gi|1796318598|ref|YP_009724390.1|:1-1273	QIQ68694_|surface_glycoprotein_[Severe_acute_respiratory_syndrome_coronavirus_2]	100.000	1273	0	0	1	1273	1	1273	0.0	2637
gi|1796318598|ref|YP_009724390.1|:1-1273	QIQ68684_|surface_glycoprotein_[Severe_acute_respiratory_syndrome_coronavirus_2]	100.000	1273	0	0	1	1273	1	1273	0.0	2637
gi|1796318598|ref|YP_009724390.1|:1-1273	QIQ68674_|surface_glycoprotein_[Severe_acute_respiratory_syndrome_coronavirus_2]	100.000	1273	0	0	1	1273	1	1273	0.0	2637
gi|1796318598|ref|YP_009724390.1|:1-1273	QIQ68584_|surface_glycoprotein_[Severe_acute_respiratory_syndrome_coronavirus_2]	100.000	1273	0	0	1	1273	1	1273	0.0	2637
gi|1796318598|ref|YP_009724390.1|:1-1273	QIQ68574_|surface_glycoprotein_[Severe_acute_respiratory_syndrome_coronavirus_2]	100.000	1273	0	0	1	1273	1	1273	0.0	2637
gi|1796318598|ref|YP_009724390.1|:1-1273	QIQ68664_|surface_glycoprotein_[Severe_acute_respiratory_syndrome_coronavirus_2]	100.000	1273	0	0	1	1273	1	1273	0.0	2637
gi|1796318598|ref|YP_009724390.1|:1-1273	QIQ68654_|surface_glycoprotein_[Severe_acute_respiratory_syndrome_coronavirus_2]	100.000	1273	0	0	1	1273	1	1273	0.0	2637
gi|1796318598|ref|YP_009724390.1|:1-1273	QIQ68644_|surface_glycoprotein_[Severe_acute_respiratory_syndrome_coronavirus_2]	100.000	1273	0	0	1	1273	1	1273	0.0	2637
gi|1796318598|ref|YP_009724390.1|:1-1273	QIQ68634_|surface_glycoprotein_[Severe_acute_respiratory_syndrome_coronavirus_2]	100.000	1273	0	0	1	1273	1	1273	0.0	2637
gi|1796318598|ref|YP_009724390.1|:1-1273	QIQ68624_|surface_glycoprotein_[Severe_acute_respiratory_syndrome_coronavirus_2]	100.000	1273	0	0	1	1273	1	1273	0.0	2637
gi|1796318598|ref|YP_009724390.1|:1-1273	QIQ68564_|surface_glycoprotein_[Severe_acute_respiratory_syndrome_coronavirus_2]	100.000	1273	0	0	1	1273	1	1273	0.0	2637
gi|1796318598|ref|YP_009724390.1|:1-1273	QIQ68554_|surface_glycoprotein_[Severe_acute_respiratory_syndrome_coronavirus_2]	100.000	1273	0	0	1	1273	1	1273	0.0	2637
gi|1796318598|ref|YP_009724390.1|:1-1273	QIQ68464_|surface_glycoprotein_[Severe_acute_respiratory_syndrome_coronavirus_2]	100.000	1273	0	0	1	1273	1	1273	0.0	2637
gi|1796318598|ref|YP_009724390.1|:1-1273	BCB97901_|surface_glycoprotein_[Severe_acute_respiratory_syndrome_coronavirus_2]	100.000	1273	0	0	1	1273	1	1273	0.0	2637
gi|1796318598|ref|YP_009724390.1|:1-1273	BCB97891_|surface_glycoprotein_[Severe_acute_respiratory_syndrome_coronavirus_2]	100.000	1273	0	0	1	1273	1	1273	0.0	2637
gi|1796318598|ref|YP_009724390.1|:1-1273	QIS30275_|surface_glycoprotein_[Severe_acute_respiratory_syndrome_coronavirus_2]	100.000	1273	0	0	1	1273	1	1273	0.0	2637
gi|1796318598|ref|YP_009724390.1|:1-1273	QIS30042_|surface_glycoprotein_[Severe_acute_respiratory_syndrome_coronavirus_2]	100.000	1273	0	0	1	1273	1	1273	0.0	2637
gi|1796318598|ref|YP_009724390.1|:1-1273	QIS30215_|surface_glycoprotein_[Severe_acute_respiratory_syndrome_coronavirus_2]	100.000	1273	0	0	1	1273	1	1273	0.0	2637
gi|1796318598|ref|YP_009724390.1|:1-1273	QIS30475_|surface_glycoprotein_[Severe_acute_respiratory_syndrome_coronavirus_2]	100.000	1273	0	0	1	1273	1	1273	0.0	2637
gi|1796318598|ref|YP_009724390.1|:1-1273	QIS30655_|surface_glycoprotein_[Severe_acute_respiratory_syndrome_coronavirus_2]	100.000	1273	0	0	1	1273	1	1273	0.0	2637
gi|1796318598|ref|YP_009724390.1|:1-1273	QIS30635_|surface_glycoprotein_[Severe_acute_respiratory_syndrome_coronavirus_2]	100.000	1273	0	0	1	1273	1	1273	0.0	2637
gi|1796318598|ref|YP_009724390.1|:1-1273	QIS30555_|surface_glycoprotein_[Severe_acute_respiratory_syndrome_coronavirus_2]	100.000	1273	0	0	1	1273	1	1273	0.0	2637
gi|1796318598|ref|YP_009724390.1|:1-1273	QIS30545_|surface_glycoprotein_[Severe_acute_respiratory_syndrome_coronavirus_2]	100.000	1273	0	0	1	1273	1	1273	0.0	2637
gi|1796318598|ref|YP_009724390.1|:1-1273	QIS30675_|surface_glycoprotein_[Severe_acute_respiratory_syndrome_coronavirus_2]	100.000	1273	0	0	1	1273	1	1273	0.0	2637
gi|1796318598|ref|YP_009724390.1|:1-1273	QIS30485_|surface_glycoprotein_[Severe_acute_respiratory_syndrome_coronavirus_2]	100.000	1273	0	0	1	1273	1	1273	0.0	2637
gi|1796318598|ref|YP_009724390.1|:1-1273	QIS30605_|surface_glycoprotein_[Severe_acute_respiratory_syndrome_coronavirus_2]	100.000	1273	0	0	1	1273	1	1273	0.0	2637
gi|1796318598|ref|YP_009724390.1|:1-1273	QIS30515_|surface_glycoprotein_[Severe_acute_respiratory_syndrome_coronavirus_2]	100.000	1273	0	0	1	1273	1	1273	0.0	2637
gi|1796318598|ref|YP_009724390.1|:1-1273	QIS30495_|surface_glycoprotein_[Severe_acute_respiratory_syndrome_coronavirus_2]	100.000	1273	0	0	1	1273	1	1273	0.0	2637
gi|1796318598|ref|YP_009724390.1|:1-1273	QIS30175_|surface_glycoprotein_[Severe_acute_respiratory_syndrome_coronavirus_2]	100.000	1273	0	0	1	1273	1	1273	0.0	2637
gi|1796318598|ref|YP_009724390.1|:1-1273	QIS30006_|surface_glycoprotein_[Severe_acute_respiratory_syndrome_coronavirus_2]	100.000	1273	0	0	1	1273	1	1273	0.0	2637
gi|1796318598|ref|YP_009724390.1|:1-1273	QIS29982_|surface_glycoprotein_[Severe_acute_respiratory_syndrome_coronavirus_2]	100.000	1273	0	0	1	1273	1	1273	0.0	2637
gi|1796318598|ref|YP_009724390.1|:1-1273	QIS29994_|surface_glycoprotein_[Severe_acute_respiratory_syndrome_coronavirus_2]	100.000	1273	0	0	1	1273	1	1273	0.0	2637
gi|1796318598|ref|YP_009724390.1|:1-1273	QIS30465_|surface_glycoprotein_[Severe_acute_respiratory_syndrome_coronavirus_2]	100.000	1273	0	0	1	1273	1	1273	0.0	2637
gi|1796318598|ref|YP_009724390.1|:1-1273	QIS30375_|surface_glycoprotein_[Severe_acute_respiratory_syndrome_coronavirus_2]	100.000	1273	0	0	1	1273	1	1273	0.0	2637
gi|1796318598|ref|YP_009724390.1|:1-1273	QIS30345_|surface_glycoprotein_[Severe_acute_respiratory_syndrome_coronavirus_2]	100.000	1273	0	0	1	1273	1	1273	0.0	2637
gi|1796318598|ref|YP_009724390.1|:1-1273	QIS30325_|surface_glycoprotein_[Severe_acute_respiratory_syndrome_coronavirus_2]	100.000	1273	0	0	1	1273	1	1273	0.0	2637
gi|1796318598|ref|YP_009724390.1|:1-1273	QIS30255_|surface_glycoprotein_[Severe_acute_respiratory_syndrome_coronavirus_2]	100.000	1273	0	0	1	1273	1	1273	0.0	2637
gi|1796318598|ref|YP_009724390.1|:1-1273	QIS30030_|surface_glycoprotein_[Severe_acute_respiratory_syndrome_coronavirus_2]	100.000	1273	0	0	1	1273	1	1273	0.0	2637
gi|1796318598|ref|YP_009724390.1|:1-1273	QIS30018_|surface_glycoprotein_[Severe_acute_respiratory_syndrome_coronavirus_2]	100.000	1273	0	0	1	1273	1	1273	0.0	2637
gi|1796318598|ref|YP_009724390.1|:1-1273	QIS30065_|surface_glycoprotein_[Severe_acute_respiratory_syndrome_coronavirus_2]	100.000	1273	0	0	1	1273	1	1273	0.0	2637
gi|1796318598|ref|YP_009724390.1|:1-1273	YP_009724390_|surface_glycoprotein_[Severe_acute_respiratory_syndrome_coronavirus_2]	100.000	1273	0	0	1	1273	1	1273	0.0	2637
gi|1796318598|ref|YP_009724390.1|:1-1273	QIS30625_|surface_glycoprotein_[Severe_acute_respiratory_syndrome_coronavirus_2]	99.921	1273	1	0	1	1273	1	1273	0.0	2636
gi|1796318598|ref|YP_009724390.1|:1-1273	QIS30425_|surface_glycoprotein_[Severe_acute_respiratory_syndrome_coronavirus_2]	99.921	1273	1	0	1	1273	1	1273	0.0	2636
gi|1796318598|ref|YP_009724390.1|:1-1273	QHU79173_|surface_glycoprotein_[Severe_acute_respiratory_syndrome_coronavirus_2]	99.921	1273	1	0	1	1273	1	1273	0.0	2635
gi|1796318598|ref|YP_009724390.1|:1-1273	QHW06059_|surface_glycoprotein_[Severe_acute_respiratory_syndrome_coronavirus_2]	99.921	1273	1	0	1	1273	1	1273	0.0	2635
gi|1796318598|ref|YP_009724390.1|:1-1273	QII87830_|surface_glycoprotein_[Severe_acute_respiratory_syndrome_coronavirus_2]	99.921	1273	1	0	1	1273	1	1273	0.0	2635
gi|1796318598|ref|YP_009724390.1|:1-1273	QIO04367_|surface_glycoprotein_[Severe_acute_respiratory_syndrome_coronavirus_2]	99.921	1273	1	0	1	1273	1	1273	0.0	2635
gi|1796318598|ref|YP_009724390.1|:1-1273	QIA98583_|surface_glycoprotein_[Severe_acute_respiratory_syndrome_coronavirus_2]	99.921	1273	1	0	1	1273	1	1273	0.0	2635
gi|1796318598|ref|YP_009724390.1|:1-1273	QIS30565_|surface_glycoprotein_[Severe_acute_respiratory_syndrome_coronavirus_2]	99.921	1273	1	0	1	1273	1	1273	0.0	2635
gi|1796318598|ref|YP_009724390.1|:1-1273	QIS30165_|surface_glycoprotein_[Severe_acute_respiratory_syndrome_coronavirus_2]	99.921	1273	1	0	1	1273	1	1273	0.0	2635
gi|1796318598|ref|YP_009724390.1|:1-1273	QIS30335_|surface_glycoprotein_[Severe_acute_respiratory_syndrome_coronavirus_2]	99.921	1273	1	0	1	1273	1	1273	0.0	2635
gi|1796318598|ref|YP_009724390.1|:1-1273	QIA20044_|surface_glycoprotein_[Severe_acute_respiratory_syndrome_coronavirus_2]	99.921	1273	1	0	1	1273	1	1273	0.0	2635
gi|1796318598|ref|YP_009724390.1|:1-1273	QIK50427_|surface_glycoprotein_[Severe_acute_respiratory_syndrome_coronavirus_2]	99.921	1273	1	0	1	1273	1	1273	0.0	2635
gi|1796318598|ref|YP_009724390.1|:1-1273	QIQ50142_|surface_glycoprotein_[Severe_acute_respiratory_syndrome_coronavirus_2]	99.921	1273	1	0	1	1273	1	1273	0.0	2635
gi|1796318598|ref|YP_009724390.1|:1-1273	QIQ49872_|surface_glycoprotein_[Severe_acute_respiratory_syndrome_coronavirus_2]	99.921	1273	1	0	1	1273	1	1273	0.0	2635
gi|1796318598|ref|YP_009724390.1|:1-1273	QIQ49942_|surface_glycoprotein_[Severe_acute_respiratory_syndrome_coronavirus_2]	99.921	1273	1	0	1	1273	1	1273	0.0	2635
gi|1796318598|ref|YP_009724390.1|:1-1273	QIQ50072_|surface_glycoprotein_[Severe_acute_respiratory_syndrome_coronavirus_2]	99.921	1273	1	0	1	1273	1	1273	0.0	2635
gi|1796318598|ref|YP_009724390.1|:1-1273	QIQ49972_|surface_glycoprotein_[Severe_acute_respiratory_syndrome_coronavirus_2]	99.921	1273	1	0	1	1273	1	1273	0.0	2635
gi|1796318598|ref|YP_009724390.1|:1-1273	QIQ49772_|surface_glycoprotein_[Severe_acute_respiratory_syndrome_coronavirus_2]	99.921	1273	1	0	1	1273	1	1273	0.0	2635
gi|1796318598|ref|YP_009724390.1|:1-1273	QIQ49762_|surface_glycoprotein_[Severe_acute_respiratory_syndrome_coronavirus_2]	99.921	1273	1	0	1	1273	1	1273	0.0	2635
gi|1796318598|ref|YP_009724390.1|:1-1273	QIQ49782_|surface_glycoprotein_[Severe_acute_respiratory_syndrome_coronavirus_2]	99.921	1273	1	0	1	1273	1	1273	0.0	2635
gi|1796318598|ref|YP_009724390.1|:1-1273	QIQ50172_|surface_glycoprotein_[Severe_acute_respiratory_syndrome_coronavirus_2]	99.921	1273	1	0	1	1273	1	1273	0.0	2635
gi|1796318598|ref|YP_009724390.1|:1-1273	QIQ50112_|surface_glycoprotein_[Severe_acute_respiratory_syndrome_coronavirus_2]	99.921	1273	1	0	1	1273	1	1273	0.0	2635
gi|1796318598|ref|YP_009724390.1|:1-1273	QIQ50082_|surface_glycoprotein_[Severe_acute_respiratory_syndrome_coronavirus_2]	99.921	1273	1	0	1	1273	1	1273	0.0	2635
gi|1796318598|ref|YP_009724390.1|:1-1273	QIQ49802_|surface_glycoprotein_[Severe_acute_respiratory_syndrome_coronavirus_2]	99.921	1273	1	0	1	1273	1	1273	0.0	2635
gi|1796318598|ref|YP_009724390.1|:1-1273	QIQ68534_|surface_glycoprotein_[Severe_acute_respiratory_syndrome_coronavirus_2]	99.921	1273	1	0	1	1273	1	1273	0.0	2635
gi|1796318598|ref|YP_009724390.1|:1-1273	QIQ68504_|surface_glycoprotein_[Severe_acute_respiratory_syndrome_coronavirus_2]	99.921	1273	1	0	1	1273	1	1273	0.0	2635
gi|1796318598|ref|YP_009724390.1|:1-1273	QIQ68484_|surface_glycoprotein_[Severe_acute_respiratory_syndrome_coronavirus_2]	99.921	1273	1	0	1	1273	1	1273	0.0	2635
gi|1796318598|ref|YP_009724390.1|:1-1273	QIQ68474_|surface_glycoprotein_[Severe_acute_respiratory_syndrome_coronavirus_2]	99.921	1273	1	0	1	1273	1	1273	0.0	2635
gi|1796318598|ref|YP_009724390.1|:1-1273	QIS30285_|surface_glycoprotein_[Severe_acute_respiratory_syndrome_coronavirus_2]	99.921	1273	1	0	1	1273	1	1273	0.0	2635
gi|1796318598|ref|YP_009724390.1|:1-1273	QIS30085_|surface_glycoprotein_[Severe_acute_respiratory_syndrome_coronavirus_2]	99.921	1273	1	0	1	1273	1	1273	0.0	2635
gi|1796318598|ref|YP_009724390.1|:1-1273	QIS30075_|surface_glycoprotein_[Severe_acute_respiratory_syndrome_coronavirus_2]	99.921	1273	1	0	1	1273	1	1273	0.0	2635
gi|1796318598|ref|YP_009724390.1|:1-1273	QIS30125_|surface_glycoprotein_[Severe_acute_respiratory_syndrome_coronavirus_2]	99.921	1273	1	0	1	1273	1	1273	0.0	2635
gi|1796318598|ref|YP_009724390.1|:1-1273	QIS30105_|surface_glycoprotein_[Severe_acute_respiratory_syndrome_coronavirus_2]	99.921	1273	1	0	1	1273	1	1273	0.0	2635
gi|1796318598|ref|YP_009724390.1|:1-1273	QIS30665_|surface_glycoprotein_[Severe_acute_respiratory_syndrome_coronavirus_2]	99.921	1273	1	0	1	1273	1	1273	0.0	2635
gi|1796318598|ref|YP_009724390.1|:1-1273	QIS30585_|surface_glycoprotein_[Severe_acute_respiratory_syndrome_coronavirus_2]	99.921	1273	1	0	1	1273	1	1273	0.0	2635
gi|1796318598|ref|YP_009724390.1|:1-1273	QIS30535_|surface_glycoprotein_[Severe_acute_respiratory_syndrome_coronavirus_2]	99.921	1273	1	0	1	1273	1	1273	0.0	2635
gi|1796318598|ref|YP_009724390.1|:1-1273	QIS30405_|surface_glycoprotein_[Severe_acute_respiratory_syndrome_coronavirus_2]	99.921	1273	1	0	1	1273	1	1273	0.0	2635
gi|1796318598|ref|YP_009724390.1|:1-1273	QIS30315_|surface_glycoprotein_[Severe_acute_respiratory_syndrome_coronavirus_2]	99.921	1273	1	0	1	1273	1	1273	0.0	2635
gi|1796318598|ref|YP_009724390.1|:1-1273	QIS30415_|surface_glycoprotein_[Severe_acute_respiratory_syndrome_coronavirus_2]	99.921	1273	1	0	1	1273	1	1273	0.0	2635
gi|1796318598|ref|YP_009724390.1|:1-1273	QIS30195_|surface_glycoprotein_[Severe_acute_respiratory_syndrome_coronavirus_2]	99.921	1273	1	0	1	1273	1	1273	0.0	2635
gi|1796318598|ref|YP_009724390.1|:1-1273	QIS30095_|surface_glycoprotein_[Severe_acute_respiratory_syndrome_coronavirus_2]	99.921	1273	1	0	1	1273	1	1273	0.0	2635
gi|1796318598|ref|YP_009724390.1|:1-1273	QIS30205_|surface_glycoprotein_[Severe_acute_respiratory_syndrome_coronavirus_2]	99.921	1273	1	0	1	1273	1	1273	0.0	2635
gi|1796318598|ref|YP_009724390.1|:1-1273	QIS30305_|surface_glycoprotein_[Severe_acute_respiratory_syndrome_coronavirus_2]	99.921	1273	1	0	1	1273	1	1273	0.0	2635
gi|1796318598|ref|YP_009724390.1|:1-1273	QIS30155_|surface_glycoprotein_[Severe_acute_respiratory_syndrome_coronavirus_2]	99.921	1273	1	0	1	1273	1	1273	0.0	2635
gi|1796318598|ref|YP_009724390.1|:1-1273	QIS30445_|surface_glycoprotein_[Severe_acute_respiratory_syndrome_coronavirus_2]	99.921	1273	1	0	1	1273	1	1273	0.0	2635
gi|1796318598|ref|YP_009724390.1|:1-1273	QIS30435_|surface_glycoprotein_[Severe_acute_respiratory_syndrome_coronavirus_2]	99.921	1273	1	0	1	1273	1	1273	0.0	2635
gi|1796318598|ref|YP_009724390.1|:1-1273	QIS30385_|surface_glycoprotein_[Severe_acute_respiratory_syndrome_coronavirus_2]	99.921	1273	1	0	1	1273	1	1273	0.0	2635
gi|1796318598|ref|YP_009724390.1|:1-1273	QIS30365_|surface_glycoprotein_[Severe_acute_respiratory_syndrome_coronavirus_2]	99.921	1273	1	0	1	1273	1	1273	0.0	2635
gi|1796318598|ref|YP_009724390.1|:1-1273	QIS30265_|surface_glycoprotein_[Severe_acute_respiratory_syndrome_coronavirus_2]	99.921	1273	1	0	1	1273	1	1273	0.0	2635
gi|1796318598|ref|YP_009724390.1|:1-1273	QIS30245_|surface_glycoprotein_[Severe_acute_respiratory_syndrome_coronavirus_2]	99.921	1273	1	0	1	1273	1	1273	0.0	2635
gi|1796318598|ref|YP_009724390.1|:1-1273	QIS30235_|surface_glycoprotein_[Severe_acute_respiratory_syndrome_coronavirus_2]	99.921	1273	1	0	1	1273	1	1273	0.0	2635
gi|1796318598|ref|YP_009724390.1|:1-1273	QHR84449_|surface_glycoprotein_[Severe_acute_respiratory_syndrome_coronavirus_2]	99.921	1273	1	0	1	1273	1	1273	0.0	2634
gi|1796318598|ref|YP_009724390.1|:1-1273	QIC53204_|surface_glycoprotein_[Severe_acute_respiratory_syndrome_coronavirus_2]	99.921	1273	1	0	1	1273	1	1273	0.0	2634
gi|1796318598|ref|YP_009724390.1|:1-1273	QIJ96493_|surface_glycoprotein_[Severe_acute_respiratory_syndrome_coronavirus_2]	99.921	1273	1	0	1	1273	1	1273	0.0	2634
gi|1796318598|ref|YP_009724390.1|:1-1273	QIQ08810_|surface_glycoprotein_[Severe_acute_respiratory_syndrome_coronavirus_2]	99.921	1273	1	0	1	1273	1	1273	0.0	2634
gi|1796318598|ref|YP_009724390.1|:1-1273	QIQ50092_|surface_glycoprotein_[Severe_acute_respiratory_syndrome_coronavirus_2]	99.921	1273	1	0	1	1273	1	1273	0.0	2634
gi|1796318598|ref|YP_009724390.1|:1-1273	QHZ00379_|surface_glycoprotein_[Severe_acute_respiratory_syndrome_coronavirus_2]	99.921	1273	1	0	1	1273	1	1273	0.0	2633
gi|1796318598|ref|YP_009724390.1|:1-1273	QIQ50152_|surface_glycoprotein_[Severe_acute_respiratory_syndrome_coronavirus_2]	99.843	1273	2	0	1	1273	1	1273	0.0	2633
gi|1796318598|ref|YP_009724390.1|:1-1273	QIQ49882_|surface_glycoprotein_[Severe_acute_respiratory_syndrome_coronavirus_2]	99.843	1273	2	0	1	1273	1	1273	0.0	2633
gi|1796318598|ref|YP_009724390.1|:1-1273	QIS30295_|surface_glycoprotein_[Severe_acute_respiratory_syndrome_coronavirus_2]	99.843	1273	2	0	1	1273	1	1273	0.0	2632
gi|1796318598|ref|YP_009724390.1|:1-1273	QIS30115_|surface_glycoprotein_[Severe_acute_respiratory_syndrome_coronavirus_2]	99.843	1273	2	0	1	1273	1	1273	0.0	2632
gi|1796318598|ref|YP_009724390.1|:1-1273	QIS30615_|surface_glycoprotein_[Severe_acute_respiratory_syndrome_coronavirus_2]	99.843	1273	2	0	1	1273	1	1273	0.0	2632
gi|1796318598|ref|YP_009724390.1|:1-1273	QHS34546_|surface_glycoprotein_[Severe_acute_respiratory_syndrome_coronavirus_2]	99.843	1273	1	1	1	1273	1	1272	0.0	2628
gi|1796318598|ref|YP_009724390.1|:1-1273	QIS30455_|surface_glycoprotein_[Severe_acute_respiratory_syndrome_coronavirus_2]	99.764	1273	3	0	1	1273	1	1273	0.0	2628
gi|1796318598|ref|YP_009724390.1|:1-1273	QIQ49832_|surface_glycoprotein_[Severe_acute_respiratory_syndrome_coronavirus_2]	99.686	1273	4	0	1	1273	1	1273	0.0	2625
gi|1796318598|ref|YP_009724390.1|:1-1273	QIS30575_|surface_glycoprotein_[Severe_acute_respiratory_syndrome_coronavirus_2]	99.607	1273	5	0	1	1273	1	1273	0.0	2625
gi|1796318598|ref|YP_009724390.1|:1-1273	QIS30525_|surface_glycoprotein_[Severe_acute_respiratory_syndrome_coronavirus_2]	99.450	1273	7	0	1	1273	1	1273	0.0	2621
gi|1796318598|ref|YP_009724390.1|:1-1273	QIQ50102_|surface_glycoprotein_[Severe_acute_respiratory_syndrome_coronavirus_2]	99.136	1273	11	0	1	1273	1	1273	0.0	2612
gi|1796318598|ref|YP_009724390.1|:1-1273	QIS30645_|surface_glycoprotein_[Severe_acute_respiratory_syndrome_coronavirus_2]	99.057	1273	12	0	1	1273	1	1273	0.0	2607
gi|1796318598|ref|YP_009724390.1|:1-1273	QIS30225_|surface_glycoprotein_[Severe_acute_respiratory_syndrome_coronavirus_2]	98.900	1273	14	0	1	1273	1	1273	0.0	2604
gi|1796318598|ref|YP_009724390.1|:1-1273	QIQ49902_|surface_glycoprotein_[Severe_acute_respiratory_syndrome_coronavirus_2]	98.900	1273	14	0	1	1273	1	1273	0.0	2603
gi|1796318598|ref|YP_009724390.1|:1-1273	QIQ49922_|surface_glycoprotein_[Severe_acute_respiratory_syndrome_coronavirus_2]	98.036	1273	25	0	1	1273	1	1273	0.0	2576
gi|1796318598|ref|YP_009724390.1|:1-1273	QIS30135_|surface_glycoprotein_[Severe_acute_respiratory_syndrome_coronavirus_2]	98.036	1273	25	0	1	1273	1	1273	0.0	2575
gi|1796318598|ref|YP_009724390.1|:1-1273	QIS30595_|surface_glycoprotein_[Severe_acute_respiratory_syndrome_coronavirus_2]	96.779	1273	41	0	1	1273	1	1273	0.0	2533
gi|1796318598|ref|YP_009724390.1|:1-1273	QIS30355_|surface_glycoprotein_[Severe_acute_respiratory_syndrome_coronavirus_2]	96.308	1273	47	0	1	1273	1	1273	0.0	2519
gi|1796318598|ref|YP_009724390.1|:1-1273	QIQ08820_|surface_glycoprotein_[Severe_acute_respiratory_syndrome_coronavirus_2]	96.229	1273	48	0	1	1273	1	1273	0.0	2487
gi|1796318598|ref|YP_009724390.1|:1-1273	6VSB_A_|Chain_A|_Spike_glycoprotein	99.586	1208	5	0	1	1208	1	1208	0.0	2475
gi|1796318598|ref|YP_009724390.1|:1-1273	6VSB_B_|Chain_B|_Spike_glycoprotein	99.586	1208	5	0	1	1208	1	1208	0.0	2475
gi|1796318598|ref|YP_009724390.1|:1-1273	6VSB_C_|Chain_C|_Spike_glycoprotein	99.586	1208	5	0	1	1208	1	1208	0.0	2475
gi|1796318598|ref|YP_009724390.1|:1-1273	QIS30504_|surface_glycoprotein_[Severe_acute_respiratory_syndrome_coronavirus_2]	94.658	1273	68	0	1	1273	1	1273	0.0	2469
gi|1796318598|ref|YP_009724390.1|:1-1273	6VXX_A_|Chain_A|_spike_glycoprotein	99.500	1199	6	0	13	1211	32	1230	0.0	2460
gi|1796318598|ref|YP_009724390.1|:1-1273	6VXX_C_|Chain_C|_spike_glycoprotein	99.500	1199	6	0	13	1211	32	1230	0.0	2460
gi|1796318598|ref|YP_009724390.1|:1-1273	6VXX_B_|Chain_B|_spike_glycoprotein	99.500	1199	6	0	13	1211	32	1230	0.0	2460
gi|1796318598|ref|YP_009724390.1|:1-1273	6VYB_A_|Chain_A|_spike_glycoprotein	99.416	1199	7	0	13	1211	32	1230	0.0	2458
gi|1796318598|ref|YP_009724390.1|:1-1273	6VYB_C_|Chain_C|_spike_glycoprotein	99.416	1199	7	0	13	1211	32	1230	0.0	2458
gi|1796318598|ref|YP_009724390.1|:1-1273	6VYB_B_|Chain_B|_spike_glycoprotein	99.416	1199	7	0	13	1211	32	1230	0.0	2458
gi|1796318598|ref|YP_009724390.1|:1-1273	QIS30185_|surface_glycoprotein_[Severe_acute_respiratory_syndrome_coronavirus_2]	84.839	1273	193	0	1	1273	1	1273	0.0	2165
gi|1796318598|ref|YP_009724390.1|:1-1273	QIS30145_|surface_glycoprotein_[Severe_acute_respiratory_syndrome_coronavirus_2]	100.000	1030	0	0	244	1273	244	1273	0.0	2133
gi|1796318598|ref|YP_009724390.1|:1-1273	QIS30145_|surface_glycoprotein_[Severe_acute_respiratory_syndrome_coronavirus_2]	100.000	145	0	0	1	145	1	145	1.93e-86	305
gi|1796318598|ref|YP_009724390.1|:1-1273	QIS30395_|surface_glycoprotein_[Severe_acute_respiratory_syndrome_coronavirus_2]	83.582	1273	209	0	1	1273	1	1273	0.0	2088
gi|1796318598|ref|YP_009724390.1|:1-1273	QIM47476_|surface_glycoprotein_[Severe_acute_respiratory_syndrome_coronavirus_2]	99.789	946	2	0	328	1273	328	1273	0.0	1954
gi|1796318598|ref|YP_009724390.1|:1-1273	QIM47476_|surface_glycoprotein_[Severe_acute_respiratory_syndrome_coronavirus_2]	100.000	254	0	0	1	254	1	254	4.39e-169	535
gi|1796318598|ref|YP_009724390.1|:1-1273	QIQ08800_|surface_glycoprotein_[Severe_acute_respiratory_syndrome_coronavirus_2]	100.000	745	0	0	529	1273	529	1273	0.0	1533
gi|1796318598|ref|YP_009724390.1|:1-1273	QIQ08800_|surface_glycoprotein_[Severe_acute_respiratory_syndrome_coronavirus_2]	100.000	438	0	0	1	438	1	438	0.0	921
gi|1796318598|ref|YP_009724390.1|:1-1273	QIS30054_|surface_glycoprotein_[Severe_acute_respiratory_syndrome_coronavirus_2]	99.732	745	2	0	529	1273	529	1273	0.0	1528
gi|1796318598|ref|YP_009724390.1|:1-1273	QIS30054_|surface_glycoprotein_[Severe_acute_respiratory_syndrome_coronavirus_2]	100.000	438	0	0	1	438	1	438	0.0	921
gi|1796318598|ref|YP_009724390.1|:1-1273	QIM47457_|surface_glycoprotein_[Severe_acute_respiratory_syndrome_coronavirus_2]	90.440	523	50	0	751	1273	751	1273	0.0	931
gi|1796318598|ref|YP_009724390.1|:1-1273	QIM47457_|surface_glycoprotein_[Severe_acute_respiratory_syndrome_coronavirus_2]	100.000	254	0	0	1	254	1	254	3.15e-169	535
gi|1796318598|ref|YP_009724390.1|:1-1273	QIM47457_|surface_glycoprotein_[Severe_acute_respiratory_syndrome_coronavirus_2]	100.000	118	0	0	529	646	529	646	9.02e-67	245
gi|1796318598|ref|YP_009724390.1|:1-1273	QIM47457_|surface_glycoprotein_[Severe_acute_respiratory_syndrome_coronavirus_2]	100.000	111	0	0	328	438	328	438	2.41e-65	240
gi|1796318598|ref|YP_009724390.1|:1-1273	6M17_E_|Chain_E|_2019-nCoV_Receptor_Binding_Domain	100.000	223	0	0	319	541	1	223	2.32e-157	468
gi|1796318598|ref|YP_009724390.1|:1-1273	6M17_F_|Chain_F|_2019-nCoV_Receptor_Binding_Domain	100.000	223	0	0	319	541	1	223	2.32e-157	468
gi|1796318598|ref|YP_009724390.1|:1-1273	6VW1_F_|Chain_F|_2019-nCoV_chimeric_RBD	85.714	217	31	0	319	535	1	217	2.94e-131	399
gi|1796318598|ref|YP_009724390.1|:1-1273	6VW1_E_|Chain_E|_2019-nCoV_chimeric_RBD	85.714	217	31	0	319	535	1	217	2.94e-131	399
gi|1796318598|ref|YP_009724390.1|:1-1273	6LXT_A_|Chain_A|_2019-nCoV_S2_subunit|2019-nCoV_S2_subunit	98.750	80	1	0	910	989	1	80	2.47e-44	154
gi|1796318598|ref|YP_009724390.1|:1-1273	6LXT_A_|Chain_A|_2019-nCoV_S2_subunit|2019-nCoV_S2_subunit	100.000	45	0	0	1162	1206	86	130	1.04e-22	92.8
gi|1796318598|ref|YP_009724390.1|:1-1273	6LXT_F_|Chain_F|_2019-nCoV_S2_subunit|2019-nCoV_S2_subunit	98.750	80	1	0	910	989	1	80	2.47e-44	154
gi|1796318598|ref|YP_009724390.1|:1-1273	6LXT_F_|Chain_F|_2019-nCoV_S2_subunit|2019-nCoV_S2_subunit	100.000	45	0	0	1162	1206	86	130	1.04e-22	92.8
gi|1796318598|ref|YP_009724390.1|:1-1273	6LXT_E_|Chain_E|_2019-nCoV_S2_subunit|2019-nCoV_S2_subunit	98.750	80	1	0	910	989	1	80	2.47e-44	154
gi|1796318598|ref|YP_009724390.1|:1-1273	6LXT_E_|Chain_E|_2019-nCoV_S2_subunit|2019-nCoV_S2_subunit	100.000	45	0	0	1162	1206	86	130	1.04e-22	92.8
gi|1796318598|ref|YP_009724390.1|:1-1273	6LXT_D_|Chain_D|_2019-nCoV_S2_subunit|2019-nCoV_S2_subunit	98.750	80	1	0	910	989	1	80	2.47e-44	154
gi|1796318598|ref|YP_009724390.1|:1-1273	6LXT_D_|Chain_D|_2019-nCoV_S2_subunit|2019-nCoV_S2_subunit	100.000	45	0	0	1162	1206	86	130	1.04e-22	92.8
gi|1796318598|ref|YP_009724390.1|:1-1273	6LXT_C_|Chain_C|_2019-nCoV_S2_subunit|2019-nCoV_S2_subunit	98.750	80	1	0	910	989	1	80	2.47e-44	154
gi|1796318598|ref|YP_009724390.1|:1-1273	6LXT_C_|Chain_C|_2019-nCoV_S2_subunit|2019-nCoV_S2_subunit	100.000	45	0	0	1162	1206	86	130	1.04e-22	92.8
gi|1796318598|ref|YP_009724390.1|:1-1273	6LXT_B_|Chain_B|_2019-nCoV_S2_subunit|2019-nCoV_S2_subunit	98.750	80	1	0	910	989	1	80	2.47e-44	154
gi|1796318598|ref|YP_009724390.1|:1-1273	6LXT_B_|Chain_B|_2019-nCoV_S2_subunit|2019-nCoV_S2_subunit	100.000	45	0	0	1162	1206	86	130	1.04e-22	92.8
gi|1796318598|ref|YP_009724390.1|:1-1273	QIQ08769_|surface_glycoprotein|_partial_[Severe_acute_respiratory_syndrome_coronavirus_2]	100.000	52	0	0	384	435	1	52	2.08e-30	112
gi|1796318598|ref|YP_009724390.1|:1-1273	QIQ08768_|surface_glycoprotein|_partial_[Severe_acute_respiratory_syndrome_coronavirus_2]	100.000	52	0	0	384	435	1	52	2.08e-30	112
gi|1796318598|ref|YP_009724390.1|:1-1273	QHN73807_|surface_glycoprotein|_partial_[Severe_acute_respiratory_syndrome_coronavirus_2]	100.000	35	0	0	394	428	1	35	5.95e-19	79.0
gi|1796318598|ref|YP_009724390.1|:1-1273	QHN73805_|surface_glycoprotein|_partial_[Severe_acute_respiratory_syndrome_coronavirus_2]	100.000	35	0	0	394	428	1	35	5.95e-19	79.0
gi|1796318598|ref|YP_009724390.1|:1-1273	QHN73824_|surface_glycoprotein|_partial_[Severe_acute_respiratory_syndrome_coronavirus_2]	100.000	35	0	0	394	428	1	35	5.95e-19	79.0
gi|1796318598|ref|YP_009724390.1|:1-1273	QHN73823_|surface_glycoprotein|_partial_[Severe_acute_respiratory_syndrome_coronavirus_2]	100.000	35	0	0	394	428	1	35	5.95e-19	79.0
gi|1796318598|ref|YP_009724390.1|:1-1273	QHN73808_|surface_glycoprotein|_partial_[Severe_acute_respiratory_syndrome_coronavirus_2]	100.000	35	0	0	394	428	1	35	5.95e-19	79.0
gi|1796318598|ref|YP_009724390.1|:1-1273	QHN73806_|surface_glycoprotein|_partial_[Severe_acute_respiratory_syndrome_coronavirus_2]	100.000	35	0	0	394	428	1	35	5.95e-19	79.0
gi|1796318598|ref|YP_009724390.1|:1-1273	QHN73822_|surface_glycoprotein|_partial_[Severe_acute_respiratory_syndrome_coronavirus_2]	100.000	35	0	0	394	428	1	35	5.95e-19	79.0
gi|1796318598|ref|YP_009724390.1|:1-1273	6LVN_A_|Chain_A|_2019-nCoV_S2_subunit	100.000	36	0	0	1168	1203	1	36	3.05e-17	74.3
gi|1796318598|ref|YP_009724390.1|:1-1273	6LVN_D_|Chain_D|_2019-nCoV_S2_subunit	100.000	36	0	0	1168	1203	1	36	3.05e-17	74.3
gi|1796318598|ref|YP_009724390.1|:1-1273	6LVN_C_|Chain_C|_2019-nCoV_S2_subunit	100.000	36	0	0	1168	1203	1	36	3.05e-17	74.3
gi|1796318598|ref|YP_009724390.1|:1-1273	6LVN_B_|Chain_B|_2019-nCoV_S2_subunit	100.000	36	0	0	1168	1203	1	36	3.05e-17	74.3
